{
  "backprop" : true,
  "backpropType" : "Standard",
  "cacheMode" : "NONE",
  "defaultConfiguration" : {
    "cacheMode" : "NONE",
    "iterationCount" : 0,
    "l1ByParam" : { },
    "l2ByParam" : { },
    "layer" : null,
    "leakyreluAlpha" : 0.0,
    "learningRateByParam" : { },
    "learningRatePolicy" : "Schedule",
    "lrPolicyDecayRate" : "NaN",
    "lrPolicyPower" : "NaN",
    "lrPolicySteps" : "NaN",
    "maxNumLineSearchIterations" : 5,
    "miniBatch" : true,
    "minimize" : true,
    "numIterations" : 1,
    "optimizationAlgo" : "STOCHASTIC_GRADIENT_DESCENT",
    "pretrain" : false,
    "seed" : 1509887750767,
    "stepFunction" : null,
    "useDropConnect" : false,
    "useRegularization" : true,
    "variables" : [ "C1_W", "C1_b", "C3_W", "C3_b", "F5_W", "F5_b", "F6_W", "F6_b" ]
  },
  "inferenceWorkspaceMode" : "SEPARATE",
  "iterationCount" : 93,
  "networkInputs" : [ "input" ],
  "networkOutputs" : [ "F6" ],
  "pretrain" : false,
  "tbpttBackLength" : 20,
  "tbpttFwdLength" : 20,
  "trainingWorkspaceMode" : "NONE",
  "vertexInputs" : {
    "C1" : [ "input" ],
    "C3" : [ "C1" ],
    "F5" : [ "C3" ],
    "F6" : [ "F5" ]
  },
  "vertices" : {
    "C1" : {
      "LayerVertex" : {
        "layerConf" : {
          "cacheMode" : "NONE",
          "iterationCount" : 0,
          "l1ByParam" : {
            "b" : 0.0,
            "W" : 0.0
          },
          "l2ByParam" : {
            "b" : 0.0,
            "W" : 5.0E-4
          },
          "layer" : {
            "convolution" : {
              "activationFn" : {
                "Identity" : { }
              },
              "adamMeanDecay" : "NaN",
              "adamVarDecay" : "NaN",
              "biasInit" : 0.0,
              "biasLearningRate" : 0.01,
              "convolutionMode" : "Truncate",
              "cudnnAlgoMode" : "PREFER_FASTEST",
              "cudnnBwdDataAlgo" : null,
              "cudnnBwdFilterAlgo" : null,
              "cudnnFwdAlgo" : null,
              "dist" : null,
              "dropOut" : 0.0,
              "epsilon" : "NaN",
              "gradientNormalization" : "None",
              "gradientNormalizationThreshold" : 1.0,
              "iupdater" : {
                "@class" : "org.nd4j.linalg.learning.config.Nesterovs",
                "learningRate" : 0.01,
                "momentum" : 0.9
              },
              "kernelSize" : [ 5, 5 ],
              "l1" : 0.0,
              "l1Bias" : 0.0,
              "l2" : 5.0E-4,
              "l2Bias" : 0.0,
              "layerName" : "C1",
              "learningRate" : 0.01,
              "learningRateSchedule" : {
                "0" : 0.01,
                "1000" : 0.003,
                "3000" : 0.001
              },
              "momentum" : 0.9,
              "momentumSchedule" : { },
              "nin" : 1,
              "nout" : 20,
              "padding" : [ 0, 0 ],
              "rho" : "NaN",
              "rmsDecay" : "NaN",
              "stride" : [ 1, 1 ],
              "updater" : "NESTEROVS",
              "weightInit" : "XAVIER"
            }
          },
          "leakyreluAlpha" : 0.0,
          "learningRateByParam" : {
            "b" : 0.01,
            "W" : 0.01
          },
          "learningRatePolicy" : "Schedule",
          "lrPolicyDecayRate" : "NaN",
          "lrPolicyPower" : "NaN",
          "lrPolicySteps" : "NaN",
          "maxNumLineSearchIterations" : 5,
          "miniBatch" : true,
          "minimize" : true,
          "numIterations" : 1,
          "optimizationAlgo" : "STOCHASTIC_GRADIENT_DESCENT",
          "pretrain" : false,
          "seed" : 1509887750767,
          "stepFunction" : null,
          "useDropConnect" : false,
          "useRegularization" : true,
          "variables" : [ "W", "b" ]
        },
        "outputVertex" : false,
        "preProcessor" : {
          "feedForwardToCnn" : {
            "inputHeight" : 11,
            "inputWidth" : 11,
            "numChannels" : 1
          }
        }
      }
    },
    "C3" : {
      "LayerVertex" : {
        "layerConf" : {
          "cacheMode" : "NONE",
          "iterationCount" : 0,
          "l1ByParam" : {
            "b" : 0.0,
            "W" : 0.0
          },
          "l2ByParam" : {
            "b" : 0.0,
            "W" : 5.0E-4
          },
          "layer" : {
            "convolution" : {
              "activationFn" : {
                "Identity" : { }
              },
              "adamMeanDecay" : "NaN",
              "adamVarDecay" : "NaN",
              "biasInit" : 0.0,
              "biasLearningRate" : 0.01,
              "convolutionMode" : "Truncate",
              "cudnnAlgoMode" : "PREFER_FASTEST",
              "cudnnBwdDataAlgo" : null,
              "cudnnBwdFilterAlgo" : null,
              "cudnnFwdAlgo" : null,
              "dist" : null,
              "dropOut" : 0.0,
              "epsilon" : "NaN",
              "gradientNormalization" : "None",
              "gradientNormalizationThreshold" : 1.0,
              "iupdater" : {
                "@class" : "org.nd4j.linalg.learning.config.Nesterovs",
                "learningRate" : 0.01,
                "momentum" : 0.9
              },
              "kernelSize" : [ 5, 5 ],
              "l1" : 0.0,
              "l1Bias" : 0.0,
              "l2" : 5.0E-4,
              "l2Bias" : 0.0,
              "layerName" : "C3",
              "learningRate" : 0.01,
              "learningRateSchedule" : {
                "0" : 0.01,
                "1000" : 0.003,
                "3000" : 0.001
              },
              "momentum" : 0.9,
              "momentumSchedule" : { },
              "nin" : 20,
              "nout" : 50,
              "padding" : [ 0, 0 ],
              "rho" : "NaN",
              "rmsDecay" : "NaN",
              "stride" : [ 1, 1 ],
              "updater" : "NESTEROVS",
              "weightInit" : "XAVIER"
            }
          },
          "leakyreluAlpha" : 0.0,
          "learningRateByParam" : {
            "b" : 0.01,
            "W" : 0.01
          },
          "learningRatePolicy" : "Schedule",
          "lrPolicyDecayRate" : "NaN",
          "lrPolicyPower" : "NaN",
          "lrPolicySteps" : "NaN",
          "maxNumLineSearchIterations" : 5,
          "miniBatch" : true,
          "minimize" : true,
          "numIterations" : 1,
          "optimizationAlgo" : "STOCHASTIC_GRADIENT_DESCENT",
          "pretrain" : false,
          "seed" : 1509887750767,
          "stepFunction" : null,
          "useDropConnect" : false,
          "useRegularization" : true,
          "variables" : [ "W", "b" ]
        },
        "outputVertex" : false,
        "preProcessor" : null
      }
    },
    "F5" : {
      "LayerVertex" : {
        "layerConf" : {
          "cacheMode" : "NONE",
          "iterationCount" : 0,
          "l1ByParam" : {
            "b" : 0.0,
            "W" : 0.0
          },
          "l2ByParam" : {
            "b" : 0.0,
            "W" : 5.0E-4
          },
          "layer" : {
            "dense" : {
              "activationFn" : {
                "ReLU" : { }
              },
              "adamMeanDecay" : "NaN",
              "adamVarDecay" : "NaN",
              "biasInit" : 0.0,
              "biasLearningRate" : 0.01,
              "dist" : null,
              "dropOut" : 0.0,
              "epsilon" : "NaN",
              "gradientNormalization" : "None",
              "gradientNormalizationThreshold" : 1.0,
              "iupdater" : {
                "@class" : "org.nd4j.linalg.learning.config.Nesterovs",
                "learningRate" : 0.01,
                "momentum" : 0.9
              },
              "l1" : 0.0,
              "l1Bias" : 0.0,
              "l2" : 5.0E-4,
              "l2Bias" : 0.0,
              "layerName" : "F5",
              "learningRate" : 0.01,
              "learningRateSchedule" : {
                "0" : 0.01,
                "1000" : 0.003,
                "3000" : 0.001
              },
              "momentum" : 0.9,
              "momentumSchedule" : { },
              "nin" : 450,
              "nout" : 500,
              "rho" : "NaN",
              "rmsDecay" : "NaN",
              "updater" : "NESTEROVS",
              "weightInit" : "XAVIER"
            }
          },
          "leakyreluAlpha" : 0.0,
          "learningRateByParam" : {
            "b" : 0.01,
            "W" : 0.01
          },
          "learningRatePolicy" : "Schedule",
          "lrPolicyDecayRate" : "NaN",
          "lrPolicyPower" : "NaN",
          "lrPolicySteps" : "NaN",
          "maxNumLineSearchIterations" : 5,
          "miniBatch" : true,
          "minimize" : true,
          "numIterations" : 1,
          "optimizationAlgo" : "STOCHASTIC_GRADIENT_DESCENT",
          "pretrain" : false,
          "seed" : 1509887750767,
          "stepFunction" : null,
          "useDropConnect" : false,
          "useRegularization" : true,
          "variables" : [ "W", "b" ]
        },
        "outputVertex" : false,
        "preProcessor" : {
          "cnnToFeedForward" : {
            "inputHeight" : 3,
            "inputWidth" : 3,
            "numChannels" : 50
          }
        }
      }
    },
    "F6" : {
      "LayerVertex" : {
        "layerConf" : {
          "cacheMode" : "NONE",
          "iterationCount" : 0,
          "l1ByParam" : {
            "b" : 0.0,
            "W" : 0.0
          },
          "l2ByParam" : {
            "b" : 0.0,
            "W" : 5.0E-4
          },
          "layer" : {
            "output" : {
              "activationFn" : {
                "Softmax" : { }
              },
              "adamMeanDecay" : "NaN",
              "adamVarDecay" : "NaN",
              "biasInit" : 0.0,
              "biasLearningRate" : 0.01,
              "dist" : null,
              "dropOut" : 0.0,
              "epsilon" : "NaN",
              "gradientNormalization" : "None",
              "gradientNormalizationThreshold" : 1.0,
              "iupdater" : {
                "@class" : "org.nd4j.linalg.learning.config.Nesterovs",
                "learningRate" : 0.01,
                "momentum" : 0.9
              },
              "l1" : 0.0,
              "l1Bias" : 0.0,
              "l2" : 5.0E-4,
              "l2Bias" : 0.0,
              "layerName" : "F6",
              "learningRate" : 0.01,
              "learningRateSchedule" : {
                "0" : 0.01,
                "1000" : 0.003,
                "3000" : 0.001
              },
              "lossFn" : {
                "NegativeLogLikelihood" : {
                  "softmaxClipEps" : 1.0E-10
                }
              },
              "lossFunction" : "NEGATIVELOGLIKELIHOOD",
              "momentum" : 0.9,
              "momentumSchedule" : { },
              "nin" : 500,
              "nout" : 121,
              "rho" : "NaN",
              "rmsDecay" : "NaN",
              "updater" : "NESTEROVS",
              "weightInit" : "XAVIER"
            }
          },
          "leakyreluAlpha" : 0.0,
          "learningRateByParam" : {
            "b" : 0.01,
            "W" : 0.01
          },
          "learningRatePolicy" : "Schedule",
          "lrPolicyDecayRate" : "NaN",
          "lrPolicyPower" : "NaN",
          "lrPolicySteps" : "NaN",
          "maxNumLineSearchIterations" : 5,
          "miniBatch" : true,
          "minimize" : true,
          "numIterations" : 1,
          "optimizationAlgo" : "STOCHASTIC_GRADIENT_DESCENT",
          "pretrain" : false,
          "seed" : 1509887750767,
          "stepFunction" : null,
          "useDropConnect" : false,
          "useRegularization" : true,
          "variables" : [ "W", "b" ]
        },
        "outputVertex" : false,
        "preProcessor" : null
      }
    }
  }
}